Category, Name, Link
Calendar, 2025, /calendar/calendar-y-2025.html
Calendar, 2025 by Quarter, /calendar/calendar-q-2025.html
Calendar, 2026, /calendar/calendar-y-2026.html
Calendar, 2026 by Quarter, /calendar/calendar-q-2026.html
Glossary, Glossary - AI Integration - Essential Terms for Understanding Modern AI Implementation, /_pages/glossary-ai-integration.html
Articles, Medium Stories, https://medium.com/@varada
Sites, Other Websites, /_pages/websites.html
Articles, The Five Stages of AI Integration - From Gold Rush to Autonomous Agents, /_pages/ai-integration.html
Articles, TK in Writing and Drafting - Complete Guide, /_pages/tk.html
Glossary, TLA - Three Letter Acronym List, /html/tla.html
